names,score
1pick,1
ApexWasabi,1
AtomicRaider2k,1
Aviv,1
BabyKrypto,1
Bbolt,1
BlackVelvet666,1
Botwave,1
BreadLoaf_Keys,1
DoggyDoge,1
DystopianGames,1
FitzyPvP,2
Flured,1
FortyFour,1
Foxify,1
IcyHotHead,1
ImRayst,1
Invincible50,1
Lauren,1
Laylim,1
Lonewulfx3,1
McDonalds,1
MiniC0ded,1
Neptune888,1
Nicbo,1
OrionPvP,2
SadLuna,2
SkeppyCat,1
StarZorrow,1
Stradium,1
Subsy,1
TeunMC,1
V_A_M,1
Vooltron,1
Yawnless,1
adam,37
ash,2
casey,1
evites,1
helpline,3
krovic,1
latl,1
lovejaidy,1
universalt,1
voidkay,1
wao,1
