names,posts,reactions
TehNeon,223,479
Mega,137,702
Zelkam,4385,970
ApexWasabi,1079,1304
Periys,363,488
Nicki,1843,840
LukeLovesCandy,1661,328
e_ic,1732,250
Bruva,76,108
della,60,21
Veeti,78,41
Hamodi,259,183
Xoads,117,93
Decay,3497,839
Wqlk,1413,777
Aviv,386,162
Laylim,505,441
BloodNoon,393,323
ImRayst,145,57
ice,217,66
hamoka,2505,741
_Cm,53,14
V_A_M,1962,863
Kobuto,1571,180
KittyKitty69,346,427
embox,1609,1400
S0V,1097,456
Flured,77,139
popthetags,148,135
olmocap,84,21
Lonewulfx3,998,856
AirDog46,249,158
Middle,310,97
oGrizzy,87,74
Zackyyy,62,34
lovebailey,766,1259
NOAHDAWG,70,15
Cookie,50,34
Jaimss,644,350
FitzyPvP,571,494
velo,868,675
Apportioned,282,74
Dufji,189,54
McDonalds,645,1241
DaDonut,355,116
Toast,488,354
Botwave,443,337
sugarkisses,141,58
SlickBoy,157,45
Camila,72,54
JoeMS10,932,1597
Zyvra,473,103
JamesJustJoined,852,717
Chainkiller,195,295
CasualWeird,82,18
Voltwave,62,46
Atovoh,149,49
AmitTMB,53,10
SkeppyCat,241,138
Elementalish,117,103
Lumbrub,1154,520
AloneTM,407,409
ophen,167,103
adam,526,456
Sasuke,54,17
ColdRetro,220,204
vQuil,192,83
sadliar,558,201
Kayloo,480,393
Cool_man,69,15
Insted,205,308
Ares054,89,15
orve,58,10
nuhmb,106,35
Lauren,246,335
Homiiz,62,15
kvids,486,875
DuarteSilva11,71,18
miah,78,140
JJ0502,113,87
Candi,2028,645
AgentPanda_,169,89
CakeMan710,399,93
DoggyDoge,75,20
Lumboc,306,77
Swirls,637,512
FortyFour,151,49
Endgator,394,106
JoinMolten,94,68
evites,2223,1167
BMBradleyYT,295,106
Jedadah,165,252
Flightz,87,34
BlueSnowBallMic,635,365
ThWa,59,13
fxrefly,145,76
wao,56,60
Otingus,50,17
OrionPvP,1655,826
myro,365,347
InvadedLands,266,99
casey,2898,3005
Foxify,447,561
Akatusuki,411,397
NerdSocial,74,13
Jet,161,66
cellwall,148,65
Joyoy0,613,743
Golden_,288,101
kaylie,116,47
Nicbo,787,1157
Redot,1689,1299
Mistix,52,38
McDucc,116,75
ash,447,1039
HaederTheToast,115,51
Fudgie,78,37
Spycy,362,608
Monit0r,369,120
Azstar,381,143
Ramen,60,19
Rikhard_,432,191
CheeseScopes,178,30
Pettle,53,27
GoogleSearches,245,107
dog,450,446
Brizly,104,41
ameliaaaaa,75,23
Booplayz,186,118
lovejaidy,287,340
Notascendix,59,16
ql3c,181,57
TechyGaming,65,9
ItsYaBoiAlex14,568,266
Captmarshmellow,573,275
Serpent0406,1062,334
HyperFlames,764,214
Honor,92,35
60mmm,140,25
greenpastel,57,91
Nucker,122,33
WolfCrafted,157,53
MiniC0ded,58,18
Neptune888,1241,775
MatiasCL,107,83
Dottovu,314,97
Alegria,83,38
badliar_,781,314
Skethu,152,50
IcyHotHead,971,656
Zlolkill,148,30
Sweady,145,30
Zopetto,475,186
TeunMC,313,365
muffinyboyhalo,459,431
MM_TAKI,183,77
fwequentie,296,123
Connor,287,113
69hd,50,22
krovic,433,148
IdonNC,54,21
Benjiram,228,84
Momentum,104,51
BadMemory,104,61
cowFrickerTheOG,94,84
Valat,268,84
stinkythesheep,57,64
rcgret,468,225
Hydrozing,265,79
Clickies,420,171
Masterburn,82,19
Gilli,147,31
democraticparty,56,30
sadkai,314,148
Gxdda,291,282
zJavaError,859,325
Jorb,143,160
Ducky,84,14
panicbrendon,55,22
Stradium,537,265
BabyKrypto,2543,1473
Hamster,134,37
lovemisty,58,24
System64,2079,714
Vooltron,143,122
Immo,244,87
Eztap,121,28
Weirdillusions,1641,533
Lioneric,79,8
Keenu,119,16
Lancciks,231,117
SirLuc,56,18
0blivionn,56,27
Coastal_4,90,66
AB987,228,57
harrys0n,71,24
warper,72,20
DoctaN208,56,11
Twisst,457,307
Decipher,56,25
Jaws,105,32
GoldenMurphyMan,171,39
Reblxtemp3r,313,72
INotDumb,50,6
Ant,307,190
thehydrogen,118,25
DirectInfiniteYT,61,21
JakobActually,87,12
Hawkeye Hollow,127,33
Wolthy,244,70
Kadenninja07,83,9
Flusoup,60,18
kkhan,50,4
EM7207,67,11
Fr0stTheElk,252,40
demvibes,83,14
living_,262,118
xSquid3997,397,125
SaicoValentine,213,39
Emerald,160,35
ambiients,55,10
Stridingg,85,69
SkeppysKid,122,18
FakeLoki_,374,62
SkittlesTM,212,125
ecstacide,147,12
voidkay,103,43
uhSpicey,58,33
BlackVelvet666,363,176
wheresmymommy,154,72
Threewn,57,12
BBHArmyVsSkeppys,55,8
Japan___,94,19
Imran,55,11
Th3ftx,197,71
RexizX,80,11
CoocaCola,77,21
Forcatchy,105,45
lucxy,243,94
PapaGoofy,110,57
Azuuree,171,67
Anyday Gaming,214,36
IceWolf,74,16
borjov,121,42
WaterSheep,144,32
Cameron Kay,110,53
xolt10,168,9
__Dragonslayer,77,33
_Anxxiety,78,19
RoyalDreary,103,31
Lucid,115,81
Other,85,45
FrostyyMC,965,545
TensiveWolf8599,64,6
RougeNebula,198,27
Warri0rBoo,53,14
frostyneedshelp,184,115
KingLoLoHP,591,354
distillable,507,125
CheezeGDS,58,11
sSkiez,361,99
equilen,81,34
BlackThunder447,501,135
italicfan69,64,23
Vainer,61,42
Kxffeine,72,23
LuckyBlockJack,67,49
ItalicPie580,92,70
Mqzen,74,13
Stmz,229,55
Thrillers,64,13
BabyTeaa,54,17
Clyp,101,34
VitoZD,98,4
ZelkTheElk_Jr,72,18
Gusuu,118,39
Sedatte,114,19
Yawde,100,30
Yawnless,194,135
Ngamer7,156,46
Rcny,77,7
Dave,370,272
xImmune,136,52
NonCreativ3,78,15
Darksauce2000,87,9
cSyre,112,102
GlitchyCube,112,28
RechraHCF,62,13
UpbeatKnot43716,167,43
noktw,135,31
RundownHD,116,58
EmberAydin,57,24
vaxxi,258,99
X_elite,288,31
Suksum,157,44
BlockyCadet,79,8
Smakina,202,79
Pentala,100,5
Trystan,160,80
universalt,141,53
mcpmeme,69,13
EmersonVAE,55,26
Hixxxxx,70,2
Xyst_,56,23
ZsCortzone,82,24
SwagBoy44444,124,13
NewYearsFreddy,78,24
mvri,126,141
TheTimeDefender,87,32
d_rodrigo,415,451
RyanDo,65,6
Seqsons,51,7
ExpiryYT,331,96
BreadLoaf_Keys,311,115
pat_3,1706,364
lolz_Dark,99,7
Grapyyy,83,17
RyanCantPvP,370,87
lukaplayz,51,18
StarGamesX,81,24
Doodles4,1278,545
katykat,458,258
Simplility,882,501
naviwinn,384,59
ILikePeeVeePee,51,24
Pinevole,509,313
ISpexI,69,35
SpaceUnit,1772,599
UncleJimmy_yt,113,11
Gardevoir,115,23
Moreder123,82,6
Shift_Click,95,35
Seb,93,36
Jotar0,61,15
Z_Voltage,776,245
mrchanjack1,79,4
Yog1000,60,22
encription,52,8
Lynds,71,57
123_YEET,194,86
GLITCHAY,68,24
Megaversal,117,20
ChummyWaterBear,71,18
Bellasprout,88,32
Mxxrcell,134,34
qtJeff,66,9
X_N1K0_X,148,29
RekMe,82,9
DuelGodXX,80,4
iStrengthPot,65,28
Cathie11,79,14
SantiCheddar,235,138
64Gigabites,180,16
Baldboyhalo1414,173,62
Dice4x,81,18
MagnitoIsAGod,299,169
Marioxo,75,22
NameAidan,77,22
i<3skep,53,5
DreamLogic,512,135
TheBlaZe_FM,295,11
Fly_O,66,14
Familicide,62,14
Panda,82,31
Nowy,132,34
IIIITiz,72,41
FinishedTouch,133,72
